机型,关键词
T2x,"['游戏', '卡', '系统', '更新', '显示', '设置', '软件', '屏幕', '功能', '电池']"
Y33e,"['游戏', '卡', '退', '玩', '更新', '下载', '闪', '软件', '显示', '广告', '设置', '网络', '慢']"
Y35+,"['游戏', '卡', '设置', '钱', '美女']"
Y35m+,"['游戏', '卡', '充电', '声音', '售后', '晚上', '小时', '输入']"
Y77,"['游戏', '卡', '软件', '系统', '显示', '玩', '设置', '更新', '退']"
Y77e,"['游戏', '卡', '设置', '显示', '软件', '玩', '下载', '钱', '出']"
Y78,"['卡', '钱', '游戏', 'Y78', '显示']"
Y78+,"['游戏', '卡', '钱', '显示', '美女']"
Y78m,"['卡', '游戏', '设置', '耳机', '退', '充电']"
iQOO U5e,"['游戏', '卡', '玩', '钱', '信息', '系统', '软件', '年', '退款']"
iQOO U5x,"['游戏', '卡', '软件', '显示', '玩', '设置', '下载', '系统', '更新', '退', '死']"
iQOO Z7,"['游戏', '钱', '卡', 'Z7', '系统', '显示', 'z7', '屏幕', '电池', '充电']"
iQOO Z7i,"['游戏', '卡', '玩', '钱', '下载', '系统', '版本', '设置', 'z7i', '反馈', '语音', 'Z7i']"
iQOO Z7x,"['卡', '游戏', '电池', '设置', '显示', '系统', '钱', '功能']"
